stage_order,stage,sessions,conversion_from_previous,conversion_from_visit,dropoff_from_previous
1,Install / Visit,120000.0,1.0,1.0,0.0
2,Signup / Product View,77870.0,0.6489166666666667,0.6489166666666667,0.3510833333333333
3,Cart Add,27156.0,0.34873507127263387,0.2263,0.6512649287273662
4,Checkout,16234.0,0.5978052732361172,0.13528333333333334,0.4021947267638828
5,First Order / Purchase,8181.0,0.5039423432302574,0.068175,0.49605765676974256
