month,sessions,users,product_views,cart_adds,checkouts,orders,revenue,discounted_sessions,visit_to_order_rate,aov,discount_usage_rate
2025-07,20747,20529,13431.0,4645.0,2822.0,1437.0,2987535.546000001,795.0,0.0692630259796597,2079.008730688936,0.03831879307851738
2025-08,20489,20234,13298.0,4630.0,2749.0,1372.0,2842661.1499999976,761.0,0.06696276050563717,2071.9104591836717,0.03714188100932207
2025-09,20167,19947,13162.0,4601.0,2800.0,1424.0,2963807.719999999,749.0,0.0706104031338325,2081.3256460674147,0.03713988198542173
2025-10,20625,20397,13404.0,4712.0,2779.0,1401.0,2943950.1810000017,773.0,0.06792727272727273,2101.3206145610293,0.037478787878787875
2025-11,19914,19700,12843.0,4547.0,2677.0,1316.0,2741497.9330000007,714.0,0.06608416189615346,2083.205116261399,0.035854172943657725
2025-12,18058,17894,11732.0,4021.0,2407.0,1231.0,2537146.624,670.0,0.06816923247314209,2061.04518602762,0.03710266917709602
