month,sessions,users,product_views,cart_adds,checkouts,orders,revenue,discounted_sessions,visit_to_order_rate,aov,discount_usage_rate
2025-07,20747,20529,13431,4645,2822,1437,2987535.546,795,0.0692630259796597,2079.0087306889354,0.03831879307851738
2025-08,20489,20234,13298,4630,2749,1372,2842661.15,761,0.06696276050563717,2071.9104591836735,0.03714188100932207
2025-09,20167,19947,13162,4601,2800,1424,2963807.72,749,0.0706104031338325,2081.325646067416,0.03713988198542173
2025-10,20625,20397,13404,4712,2779,1401,2943950.181,773,0.06792727272727273,2101.320614561028,0.037478787878787875
2025-11,19914,19700,12843,4547,2677,1316,2741497.933,714,0.06608416189615346,2083.2051162613984,0.035854172943657725
2025-12,18058,17894,11732,4021,2407,1231,2537146.624,670,0.06816923247314209,2061.04518602762,0.03710266917709602
