purchasers,repeat_buyers,first_to_second_order_rate,d7_retention,d14_retention,d30_retention,avg_repeat_purchase_frequency,high_churn_risk_customers,high_churn_risk_rate
8139,42,0.005160339107998526,0.00012286521685710776,0.0008600565179997543,0.001474382602285293,0.0058678652807684925,6718,0.8254085268460499
